{
    "line_list": [
        "D:\\Lab\\Data Files\\line_10.d",
        "D:\\Lab\\Data Files\\line_11.d"
    ],
    "MS1_mass_list": [
        540.2609
    ],
    "MS1_mobility_list": [
        0.0
    ],
    "MS1_polarity_list": [
        0.0
    ],
    "precursor_mass_list": [
        540.2609,
        779.5109,
        779.5109,
        779.5109,
        779.5109,
        779.5109,
        779.5109,
        779.5109,
        779.5109,
        779.5109,
        779.5109,
        779.5109,
        779.5109,
        820.5393,
        820.5393,
        820.5393,
        820.5393,
        820.5393,
        895.5554,
        895.5554,
        895.5554,
        895.5554,
        895.5554,
        895.5554,
        895.5554,
        779.5109
    ],
    "fragment_mass_list": [
        438.153,
        649.375,
        437.268,
        465.2621,
        483.2744,
        419.2574,
        281.249,
        295.2281,
        283.264,
        255.233,
        152.995,
        465.2632,
        483.2707,
        419.2572,
        437.2677,
        295.228,
        690.3993,
        718.4306,
        419.2586,
        437.2626,
        765.41964,
        793.45094,
        581.3081,
        599.3169,
        295.228,
        677.406
    ],
    "MS2_mobility_list": [
        0.0,
        0.0,
        0.0,
        0.0,
        0.0,
        0.0,
        0.0,
        0.0,
        0.0,
        0.0,
        0.0,
        0.0,
        0.0,
        0.0,
        0.0,
        0.0,
        0.0,
        0.0,
        0.0,
        0.0,
        0.0,
        0.0,
        0.0,
        0.0,
        0.0,
        0.0
    ],
    "MS2_polarity_list": [
        0.0,
        0.0,
        0.0,
        0.0,
        0.0,
        0.0,
        0.0,
        0.0,
        0.0,
        0.0,
        0.0,
        0.0,
        0.0,
        0.0,
        0.0,
        0.0,
        0.0,
        0.0,
        0.0,
        0.0,
        0.0,
        0.0,
        0.0,
        0.0,
        0.0,
        0.0
    ],
    "mass_list_idxs": [
        [
            0
        ],
        [
            1,
            2,
            3,
            4,
            5,
            6,
            7,
            8,
            9,
            10,
            11,
            12,
            13,
            14,
            15,
            16,
            17,
            18,
            19,
            20,
            21,
            22,
            23,
            24,
            25,
            26
        ]
    ],
    "final_mass_list": [
        [
            "TIC"
        ],
        [
            540.2609,
            0.0,
            0.0
        ],
        [
            540.2609,
            438.153,
            0.0,
            0.0
        ],
        [
            779.5109,
            649.375,
            0.0,
            0.0
        ],
        [
            779.5109,
            437.268,
            0.0,
            0.0
        ],
        [
            779.5109,
            465.2621,
            0.0,
            0.0
        ],
        [
            779.5109,
            483.2744,
            0.0,
            0.0
        ],
        [
            779.5109,
            419.2574,
            0.0,
            0.0
        ],
        [
            779.5109,
            281.249,
            0.0,
            0.0
        ],
        [
            779.5109,
            295.2281,
            0.0,
            0.0
        ],
        [
            779.5109,
            283.264,
            0.0,
            0.0
        ],
        [
            779.5109,
            255.233,
            0.0,
            0.0
        ],
        [
            779.5109,
            152.995,
            0.0,
            0.0
        ],
        [
            779.5109,
            465.2632,
            0.0,
            0.0
        ],
        [
            779.5109,
            483.2707,
            0.0,
            0.0
        ],
        [
            820.5393,
            419.2572,
            0.0,
            0.0
        ],
        [
            820.5393,
            437.2677,
            0.0,
            0.0
        ],
        [
            820.5393,
            295.228,
            0.0,
            0.0
        ],
        [
            820.5393,
            690.3993,
            0.0,
            0.0
        ],
        [
            820.5393,
            718.4306,
            0.0,
            0.0
        ],
        [
            895.5554,
            419.2586,
            0.0,
            0.0
        ],
        [
            895.5554,
            437.2626,
            0.0,
            0.0
        ],
        [
            895.5554,
            765.41964,
            0.0,
            0.0
        ],
        [
            895.5554,
            793.45094,
            0.0,
            0.0
        ],
        [
            895.5554,
            581.3081,
            0.0,
            0.0
        ],
        [
            895.5554,
            599.3169,
            0.0,
            0.0
        ],
        [
            895.5554,
            295.228,
            0.0,
            0.0
        ],
        [
            779.5109,
            677.406,
            0.0,
            0.0
        ]
    ],
    "MS1_mass_tolerance": 10.0,
    "precursor_mass_tolerance": 1.0,
    "fragment_mass_tolerance": 10.0,
    "tolerance_mobility": 0.1,
    "MS1_mass_tolerance_units": "10.0",
    "precursor_mass_tolerance_units": "1.0",
    "fragment_mass_tolerance_units": "10.0",
    "tolerance_mobility_units": "0.1",
    "is_MS2": false,
    "is_mobility": false,
    "source_file_creation_date": "2022/09/21, 21:48:28",
    "image_dimensions": [
        10.0,
        10.0
    ],
    "image_dimensions_units": "mm",
    "normalized_output_sizes": true,
    "output_file_location": null,
    "average_start_time": 0.5651515,
    "average_end_time": 268.1394285
}